name,src_file,src_line,total_ns,total_perc,counts,mean_ns,min_ns,max_ns,std_ns
frontend.control.install_lua_interface,src/rust/frontend/src/cxx_qt_shoop/rust/qobj_session_control_handler.rs,205,770335,0.004649,2,385167,378971,391364,8763.174368
engine.rt.publish_trace,src/rust/shoop_engine/src/engine.rs,381,279310,0.001686,2369,117,10,100679,2113.593004
app.startup.crash_handler_ready,src/rust/shoopdaloop/src/lib_impl.rs,495,1253,0.000008,1,1253,1253,1253,0.000000
engine.control.drain_queue,src/rust/shoop_engine/src/app_backend.rs,1583,831,0.000005,1,831,831,831,0.000000
engine.control.create_midi_channel,src/rust/shoop_engine/src/app_backend.rs,3673,232616,0.001404,17,13683,9769,21330,4137.613798
app.crash_handling.update_metadata,src/rust/crashhandling/src/lib.rs,59,137362,0.000829,46,2986,1202,19237,3569.302472
engine.driver.wait_process,src/rust/shoop_engine/src/app_backend.rs,3197,14016285,0.084590,1,14016285,14016285,14016285,0.000000
engine.graph.flush_session,src/rust/shoop_engine/src/app_backend.rs,1616,4048,0.000024,2,2024,1433,2615,835.800215
engine.control.wait_result,src/rust/shoop_engine/src/engine.rs,478,1381598456,8.338143,90,15351093,1854,294980865,52354084.101909
engine.rt.ports.prepare,src/rust/shoop_engine/src/session.rs,1849,33051677,0.199472,66953,493,90,35857,851.553589
frontend.lua.initialize,src/rust/frontend/src/lua_engine.rs,269,443442,0.002676,2,221721,183374,260068,54230.847476
engine.control.create_midi_port,src/rust/shoop_engine/src/app_backend.rs,4569,209513,0.001264,7,29930,15529,39765,8753.076116
engine.rt.cycle,src/rust/shoop_engine/src/engine.rs,353,342292623,2.065785,2369,144488,671,1920955,68872.114164
engine.rt.composites.begin,src/rust/shoop_engine/src/session.rs,1838,179369,0.001083,2369,75,10,5520,286.456421
frontend.refresh.queued,src/rust/frontend/src/cxx_qt_shoop/rust/qobj_frontend_refresh.rs,66,916276723,5.529860,1913,478973,3997,1687107,229793.561848
frontend.qml_engine.unload,src/rust/frontend/src/cxx_qt_shoop/rust/qobj_qmlengine.rs,99,16151352,0.097476,1,16151352,16151352,16151352,0.000000
frontend.control.loop_event,src/rust/frontend/src/cxx_qt_shoop/rust/qobj_session_control_handler.rs,2982,97374,0.000588,55,1770,220,8566,2024.171564
engine.rt.routing.external,src/rust/shoop_engine/src/session.rs,1865,14899843,0.089923,66953,222,10,1339744,5208.985202
engine.rt.channels.prepare,src/rust/shoop_engine/src/session.rs,1876,27587619,0.166495,104596,263,90,742704,2367.649158
engine.control.attach_driver,src/rust/shoop_engine/src/app_backend.rs,1983,6863,0.000041,1,6863,6863,6863,0.000000
worker.engine.graph_scheduler,src/rust/shoop_engine/src/graph_scheduler.rs,95,14904988185,89.953717,1,14904988185,14904988185,14904988185,0.000000
engine.rt.state_publication,src/rust/shoop_engine/src/session.rs,1919,2451763,0.014797,2369,1034,20,28112,956.618267
engine.graph.apply,src/rust/shoop_engine/src/graph_scheduler.rs,129,1396028351,8.425229,59,23661497,3176,487299093,88869446.259476
engine.graph.flush,src/rust/shoop_engine/src/graph_scheduler.rs,167,621,0.000004,2,310,220,401,127.988281
engine.graph.build_schedule,src/rust/shoop_engine/src/session.rs,445,9711397,0.058610,46,211117,12494,647896,115417.394513
engine.rt.fx,src/rust/shoop_engine/src/session.rs,1913,14595613,0.088087,2369,6161,80,67376,3644.281031
engine.control.queue,src/rust/shoop_engine/src/app_backend.rs,1322,18858556,0.113814,3158,5971,2775,81854,4891.594921
frontend.refresh.run,src/rust/frontend/src/cxx_qt_shoop/rust/qobj_frontend_refresh.rs,77,910637238,5.495825,1913,476025,1153,1682878,229644.758217
frontend.qml_engine.initialize,src/rust/frontend/src/cxx_qt_shoop/rust/qobj_qmlengine.rs,58,290957,0.001756,2,145478,862,290095,204518.615644
engine.graph.build_topology,src/rust/shoop_engine/src/graph_build.rs,68,3457878,0.020869,46,75171,1252,213761,38910.060270
frontend.loop.update,src/rust/frontend/src/cxx_qt_shoop/rust/qobj_loop_gui.rs,252,51218152,0.309109,17992,2846,811,936147,16077.687830
app.qt.initialize,src/rust/shoopdaloop/src/lib_impl.rs,207,1006867680,6.076589,1,1006867680,1006867680,1006867680,0.000000
engine.rt.driver.dummy,src/rust/shoop_engine/src/app_backend.rs,2749,1426616941,8.609835,2369,602202,1472,394867209,10311979.533897
engine.rt.midi.playback,src/rust/shoop_engine/src/session.rs,1907,2098130,0.012663,2341,896,30,42119,1159.901010
worker.engine.connection_cache,src/rust/shoop_engine/src/app_backend.rs,1780,206418311,1.245764,138,1495784,13445,11207955,2399746.989879
frontend.midi_control.initialize,src/rust/frontend/src/cxx_qt_shoop/rust/qobj_midi_control_port.rs,113,51988,0.000314,2,25994,401,51587,36193.967702
engine.control.queue_result,src/rust/shoop_engine/src/app_backend.rs,1435,1994034,0.012034,90,22155,5801,107512,19223.246775
frontend.qml_engine.load,src/rust/frontend/src/cxx_qt_shoop/rust/qobj_qmlengine.rs,78,953056808,5.751833,1,953056808,953056808,953056808,0.000000
engine.rt.graph_state,src/rust/shoop_engine/src/engine.rs,427,205181,0.001238,2870,71,10,13796,378.984019
engine.rt.callback,src/rust/shoop_engine/src/engine.rs,310,344937404,2.081746,2369,145604,1242,1922438,68887.120417
engine.driver.create,src/rust/shoop_engine/src/app_backend.rs,2818,1413,0.000009,1,1413,1413,1413,0.000000
frontend.refresh.request,src/rust/frontend/src/cxx_qt_shoop/rust/qobj_frontend_refresh.rs,30,22278197,0.134452,2139,10415,160,155172,7609.143541
frontend.qml.unload,src/rust/frontend/src/cxx_qt_shoop/rust/qobj_application.rs,65,16170218,0.097590,2,8085109,8366,16161852,11422239.490402
engine.control.create_loop,src/rust/shoop_engine/src/app_backend.rs,2062,478301,0.002887,18,26572,18274,44473,6550.826005
engine.control.transition_loops,src/rust/shoop_engine/src/app_backend.rs,3874,1269137,0.007659,103,12321,4578,63109,8029.662095
engine.rt.session,src/rust/shoop_engine/src/session.rs,1820,340392872,2.054319,2369,143686,360,1920344,68862.955992
app.lifecycle,src/rust/shoopdaloop/src/lib_impl.rs,62,16028776819,96.735940,1,16028776819,16028776819,16028776819,0.000000
app.qt.event_loop,src/rust/shoopdaloop/src/lib_impl.rs,319,14969477448,90.342919,1,14969477448,14969477448,14969477448,0.000000
app.shutdown,src/rust/shoopdaloop/src/lib_impl.rs,322,852,0.000005,1,852,852,852,0.000000
engine.rt.ports.process,src/rust/shoop_engine/src/session.rs,1858,188046577,1.134888,66953,2808,160,1741548,8903.176634
engine.control.create_fx,src/rust/shoop_engine/src/app_backend.rs,2542,136766,0.000825,3,45588,43341,49112,3089.758081
frontend.control.transition_engine_loops,src/rust/frontend/src/cxx_qt_shoop/rust/qobj_loop_gui.rs,470,2171925,0.013108,103,21086,8015,76133,11980.907037
engine.control.reclaim,src/rust/shoop_engine/src/engine.rs,783,1895205,0.011438,3248,583,140,32681,1373.474285
frontend.control.transition_loops,src/rust/frontend/src/cxx_qt_shoop/rust/qobj_loop_gui.rs,419,4044790,0.024411,103,39269,13005,106089,20552.319324
engine.rt.commands,src/rust/shoop_engine/src/engine.rs,423,1522323555,9.187438,2870,530426,10,394827835,9956435.936250
app.qt.connect,src/rust/cxx_qt_lib_shoop/src/rust/connect.rs,66,22273836,0.134426,3690,6036,1733,103945,6858.167518
engine.rt.pump,src/rust/shoop_engine/src/engine.rs,420,1523700043,9.195746,2870,530905,80,394828817,9956467.571848
frontend.qml_lua.execute,src/rust/frontend/src/cxx_qt_shoop/rust/qobj_lua_engine.rs,107,1285051,0.007755,2,642525,519695,765356,173708.558975
frontend.file.read,src/rust/frontend/src/cxx_qt_shoop/rust/qobj_file_io.rs,431,213880,0.001291,7,30554,15639,47579,13725.228086
engine.rt.loops,src/rust/shoop_engine/src/session.rs,1898,2274636,0.013728,2341,971,120,34354,1973.916694
frontend.lua.callback,src/rust/frontend/src/lua_engine.rs,297,2955,0.000018,1,2955,2955,2955,0.000000
engine.control.enqueue,src/rust/shoop_engine/src/engine.rs,608,1421853,0.008581,3248,437,140,33522,1176.647221
frontend.schema.validate,src/rust/frontend/src/cxx_qt_shoop/rust/qobj_schema_validator.rs,22,112177212,0.677005,167,671719,104906,19227897,2109194.927487
engine.control.split,src/rust/shoop_engine/src/engine.rs,214,14608,0.000088,1,14608,14608,14608,0.000000
engine.graph.processing_order,src/rust/shoop_engine/src/graph.rs,75,4980144,0.030056,46,108264,1923,368842,66601.457576
engine.driver.start,src/rust/shoop_engine/src/app_backend.rs,2911,104937,0.000633,1,104937,104937,104937,0.000000
engine.control.create_audio_channel,src/rust/shoop_engine/src/app_backend.rs,3624,822814,0.004966,55,14960,9658,54282,6708.872108
frontend.backend.initialize,src/rust/frontend/src/cxx_qt_shoop/rust/qobj_backend_wrapper.rs,130,15410722,0.093006,1,15410722,15410722,15410722,0.000000
engine.rt.channels.process,src/rust/shoop_engine/src/session.rs,1885,46660865,0.281605,104596,446,90,194815,999.264441
engine.rt.composites.timeline,src/rust/shoop_engine/src/session.rs,2526,1249757,0.007542,2341,533,10,33863,1873.879350
engine.rt.driver,src/rust/shoop_engine/src/app_backend.rs,2748,1427397119,8.614544,2369,602531,1613,394867660,10311981.624709
frontend.midi_control.flush_send_queue,src/rust/frontend/src/cxx_qt_shoop/rust/qobj_midi_control_port.rs,251,3359278,0.020274,1293,2598,261,43712,2350.311461
engine.control.graph_query,src/rust/shoop_engine/src/app_backend.rs,1496,1384079588,8.353117,90,15378662,14908,295059462,52364329.573116
engine.control.create_audio_port,src/rust/shoop_engine/src/app_backend.rs,4249,433292,0.002615,22,19695,10039,63990,10981.931004
frontend.qml.load,src/rust/frontend/src/cxx_qt_shoop/rust/qobj_application.rs,84,956278815,5.771278,1,956278815,956278815,956278815,0.000000
frontend.fx.update,src/rust/frontend/src/cxx_qt_shoop/rust/qobj_fx_chain_gui.rs,52,9493937,0.057297,3350,2834,781,155031,3910.282831
frontend.refresh.fallback_timer,src/rust/frontend/src/cxx_qt_shoop/rust/qobj_frontend_refresh.rs,87,5844437,0.035272,442,13222,1263,58790,9754.349190
worker.engine.dummy_driver,src/rust/shoop_engine/src/app_backend.rs,3004,14480073544,87.389297,1,14480073544,14480073544,14480073544,0.000000
frontend.port.update,src/rust/frontend/src/cxx_qt_shoop/rust/qobj_port_gui.rs,66,198482250,1.197869,49888,3978,220,901692,13055.756057
engine.graph.arm,src/rust/shoop_engine/src/graph_scheduler.rs,147,559898,0.003379,371,1509,150,39905,3400.555936
engine.graph.scheduler_start,src/rust/shoop_engine/src/graph_scheduler.rs,71,1017249,0.006139,1,1017249,1017249,1017249,0.000000
frontend.backend.close,src/rust/frontend/src/cxx_qt_shoop/rust/qobj_backend_wrapper.rs,306,135776,0.000819,2,67888,2716,133060,92167.126287
frontend.backend.refresh,src/rust/frontend/src/cxx_qt_shoop/rust/qobj_backend_wrapper.rs,348,899013608,5.425675,1911,470441,18605,1671346,228715.116672
frontend.settings.load,src/rust/frontend/src/cxx_qt_shoop/rust/qobj_settings_io.rs,61,75121,0.000453,1,75121,75121,75121,0.000000
frontend.lua.evaluate,src/rust/frontend/src/lua_engine.rs,214,2761381,0.016665,19,145335,8396,711205,212117.495207
frontend.qml.reload,src/rust/frontend/src/cxx_qt_shoop/rust/qobj_application.rs,53,1006299082,6.073158,1,1006299082,1006299082,1006299082,0.000000
app.startup.configuration_ready,src/rust/shoopdaloop/src/lib_impl.rs,494,4599,0.000028,1,4599,4599,4599,0.000000
frontend.application.initialize,src/rust/frontend/src/cxx_qt_shoop/rust/qobj_application.rs,159,1006849765,6.076481,1,1006849765,1006849765,1006849765,0.000000
frontend.refresh.initialize,src/rust/frontend/src/cxx_qt_shoop/rust/qobj_frontend_refresh.rs,14,32100,0.000194,1,32100,32100,32100,0.000000
engine.control.create_session,src/rust/shoop_engine/src/app_backend.rs,1885,1124882,0.006789,1,1124882,1124882,1124882,0.000000
frontend.channel.update,src/rust/frontend/src/cxx_qt_shoop/rust/qobj_loop_channel_gui.rs,72,216862195,1.308794,74284,2919,1232,330641,3231.255074
